"usage","pay_q","door_q"
3.44999287749281,3,4
2.59932692307685,4,4
2.54301638176645,2,4
2.20453347578354,3,3
4.02572649572508,2,3
3.33935185185043,2,2
4.3708831908824,1,2
3.68720797720797,2,2
4.27724002849002,1,2
3.82198717948724,1,1
3.63357549857556,2,1
4.00339387464387,2,1
3.3286075498576,3,2
2.76976139601139,4,2
2.45851139601139,4,3
1.98779202279204,4,4
3.00953703703699,1,1
2.68564814814817,1,1
