"usage","pay_q","door_q"
3.04553062678064,4,4
2.88868589743585,4,4
2.35873931623934,4,4
3.17354700854698,4,3
3.40961538461535,3,2
3.65268518518509,3,2
3.32864316239313,2,1
3.00457621082626,1,1
2.02743945868944,1,1
2.25377492877493,1,1
2.24845797720798,1,1
3.10149572649573,1,2
3.12722934472935,1,1
3.76574786324785,2,2
3.8287856125356,1,2
4.3993767806267,3,3
3.65599715099715,2,2
4.79483974358967,3,4
4.28475071225078,3,3
